﻿StadiumID,StadiumName,CityID
1,Villa Park,1
2,Dean Court,2
3,American Express,3
4,Falmer,3
5,Turf Moor,4
6,Cardiff City,5
7,Kirklees,6
8,Elland Road,7
9,King Power,8
10,Anfield,9
11,Goodison Park,9
12,Brentford Community,10
13,Craven Cottage,10
14,Emirates,10
15,London,10
16,Selhurst Park,10
17,Stamford Bridge,10
18,Tottenham Hotspur,10
19,Kenilworth Road,11
20,Etihad,12
21,Old Trafford,12
22,St James' Park,13
23,Carrow Road,14
24,Bramall Lane,15
25,St Mary's,16
26,Vicarage Road,17
27,City Ground,18
28,The Hawthorns,19
29,Molineux,20
